dest_id,country_name,number_listings,url_link
1,Afghanistan,5,https://www.booking.com/searchresults.en-gb.html?aid=304142&sb=1&ac_langcode=en&dest_id=1&dest_type=country
2,Albania,4097,https://www.booking.com/searchresults.en-gb.html?aid=304142&sb=1&ac_langcode=en&dest_id=2&dest_type=country
3,Algeria,136,https://www.booking.com/searchresults.en-gb.html?aid=304142&sb=1&ac_langcode=en&dest_id=3&dest_type=country
4,American Samoa,1,https://www.booking.com/searchresults.en-gb.html?aid=304142&sb=1&ac_langcode=en&dest_id=4&dest_type=country
5,Andorra,662,https://www.booking.com/searchresults.en-gb.html?aid=304142&sb=1&ac_langcode=en&dest_id=5&dest_type=country
6,Angola,30,https://www.booking.com/searchresults.en-gb.html?aid=304142&sb=1&ac_langcode=en&dest_id=6&dest_type=country
7,Anguilla,19,https://www.booking.com/searchresults.en-gb.html?aid=304142&sb=1&ac_langcode=en&dest_id=7&dest_type=country
9,Antigua & Barbuda,104,https://www.booking.com/searchresults.en-gb.html?aid=304142&sb=1&ac_langcode=en&dest_id=9&dest_type=country
10,Argentina,14423,https://www.booking.com/searchresults.en-gb.html?aid=304142&sb=1&ac_langcode=en&dest_id=10&dest_type=country
11,Armenia,1704,https://www.booking.com/searchresults.en-gb.html?aid=304142&sb=1&ac_langcode=en&dest_id=11&dest_type=country
12,Aruba,377,https://www.booking.com/searchresults.en-gb.html?aid=304142&sb=1&ac_langcode=en&dest_id=12&dest_type=country
13,Australia,28393,https://www.booking.com/searchresults.en-gb.html?aid=304142&sb=1&ac_langcode=en&dest_id=13&dest_type=country
14,Austria,28328,https://www.booking.com/searchresults.en-gb.html?aid=304142&sb=1&ac_langcode=en&dest_id=14&dest_type=country
15,Azerbaijan,973,https://www.booking.com/searchresults.en-gb.html?aid=304142&sb=1&ac_langcode=en&dest_id=15&dest_type=country
16,Bahamas,272,https://www.booking.com/searchresults.en-gb.html?aid=304142&sb=1&ac_langcode=en&dest_id=16&dest_type=country
17,Bahrain,155,https://www.booking.com/searchresults.en-gb.html?aid=304142&sb=1&ac_langcode=en&dest_id=17&dest_type=country
18,Bangladesh,345,https://www.booking.com/searchresults.en-gb.html?aid=304142&sb=1&ac_langcode=en&dest_id=18&dest_type=country
19,Barbados,420,https://www.booking.com/searchresults.en-gb.html?aid=304142&sb=1&ac_langcode=en&dest_id=19&dest_type=country
20,Belarus,3002,https://www.booking.com/searchresults.en-gb.html?aid=304142&sb=1&ac_langcode=en&dest_id=20&dest_type=country
21,Belgium,11067,https://www.booking.com/searchresults.en-gb.html?aid=304142&sb=1&ac_langcode=en&dest_id=21&dest_type=country
22,Belize,474,https://www.booking.com/searchresults.en-gb.html?aid=304142&sb=1&ac_langcode=en&dest_id=22&dest_type=country
23,Benin,130,https://www.booking.com/searchresults.en-gb.html?aid=304142&sb=1&ac_langcode=en&dest_id=23&dest_type=country
24,Bermuda,41,https://www.booking.com/searchresults.en-gb.html?aid=304142&sb=1&ac_langcode=en&dest_id=24&dest_type=country
25,Bhutan,26,https://www.booking.com/searchresults.en-gb.html?aid=304142&sb=1&ac_langcode=en&dest_id=25&dest_type=country
26,Bolivia,567,https://www.booking.com/searchresults.en-gb.html?aid=304142&sb=1&ac_langcode=en&dest_id=26&dest_type=country
27,Bosnia and Herzegovina,3877,https://www.booking.com/searchresults.en-gb.html?aid=304142&sb=1&ac_langcode=en&dest_id=27&dest_type=country
28,Botswana,207,https://www.booking.com/searchresults.en-gb.html?aid=304142&sb=1&ac_langcode=en&dest_id=28&dest_type=country
30,Brazil,56764,https://www.booking.com/searchresults.en-gb.html?aid=304142&sb=1&ac_langcode=en&dest_id=30&dest_type=country
32,Brunei Darussalam,35,https://www.booking.com/searchresults.en-gb.html?aid=304142&sb=1&ac_langcode=en&dest_id=32&dest_type=country
33,Bulgaria,10442,https://www.booking.com/searchresults.en-gb.html?aid=304142&sb=1&ac_langcode=en&dest_id=33&dest_type=country
34,Burkina Faso,50,https://www.booking.com/searchresults.en-gb.html?aid=304142&sb=1&ac_langcode=en&dest_id=34&dest_type=country
35,Burundi,15,https://www.booking.com/searchresults.en-gb.html?aid=304142&sb=1&ac_langcode=en&dest_id=35&dest_type=country
36,Cambodia,1040,https://www.booking.com/searchresults.en-gb.html?aid=304142&sb=1&ac_langcode=en&dest_id=36&dest_type=country
37,Cameroon,212,https://www.booking.com/searchresults.en-gb.html?aid=304142&sb=1&ac_langcode=en&dest_id=37&dest_type=country
38,Canada,10176,https://www.booking.com/searchresults.en-gb.html?aid=304142&sb=1&ac_langcode=en&dest_id=38&dest_type=country
39,Cape Verde,532,https://www.booking.com/searchresults.en-gb.html?aid=304142&sb=1&ac_langcode=en&dest_id=39&dest_type=country
40,Cayman Islands,163,https://www.booking.com/searchresults.en-gb.html?aid=304142&sb=1&ac_langcode=en&dest_id=40&dest_type=country
41,Central Africa Republic,3,https://www.booking.com/searchresults.en-gb.html?aid=304142&sb=1&ac_langcode=en&dest_id=41&dest_type=country
42,Chad,2,https://www.booking.com/searchresults.en-gb.html?aid=304142&sb=1&ac_langcode=en&dest_id=42&dest_type=country
43,Chile,5246,https://www.booking.com/searchresults.en-gb.html?aid=304142&sb=1&ac_langcode=en&dest_id=43&dest_type=country
44,China,12964,https://www.booking.com/searchresults.en-gb.html?aid=304142&sb=1&ac_langcode=en&dest_id=44&dest_type=country
46,Cocos (K) I.,3,https://www.booking.com/searchresults.en-gb.html?aid=304142&sb=1&ac_langcode=en&dest_id=46&dest_type=country
47,Colombia,11114,https://www.booking.com/searchresults.en-gb.html?aid=304142&sb=1&ac_langcode=en&dest_id=47&dest_type=country
48,Comoros,9,https://www.booking.com/searchresults.en-gb.html?aid=304142&sb=1&ac_langcode=en&dest_id=48&dest_type=country
49,Congo,37,https://www.booking.com/searchresults.en-gb.html?aid=304142&sb=1&ac_langcode=en&dest_id=49&dest_type=country
50,Democratic Republic of Congo,32,https://www.booking.com/searchresults.en-gb.html?aid=304142&sb=1&ac_langcode=en&dest_id=50&dest_type=country
51,Cook Islands,160,https://www.booking.com/searchresults.en-gb.html?aid=304142&sb=1&ac_langcode=en&dest_id=51&dest_type=country
52,Costa Rica,3672,https://www.booking.com/searchresults.en-gb.html?aid=304142&sb=1&ac_langcode=en&dest_id=52&dest_type=country
53,Côte d'Ivoire,143,https://www.booking.com/searchresults.en-gb.html?aid=304142&sb=1&ac_langcode=en&dest_id=53&dest_type=country
54,Croatia,83755,https://www.booking.com/searchresults.en-gb.html?aid=304142&sb=1&ac_langcode=en&dest_id=54&dest_type=country
55,Cyprus,5767,https://www.booking.com/searchresults.en-gb.html?aid=304142&sb=1&ac_langcode=en&dest_id=55&dest_type=country
56,Czech Republic,12014,https://www.booking.com/searchresults.en-gb.html?aid=304142&sb=1&ac_langcode=en&dest_id=56&dest_type=country
57,Denmark,8843,https://www.booking.com/searchresults.en-gb.html?aid=304142&sb=1&ac_langcode=en&dest_id=57&dest_type=country
58,Djibouti,12,https://www.booking.com/searchresults.en-gb.html?aid=304142&sb=1&ac_langcode=en&dest_id=58&dest_type=country
59,Dominica,57,https://www.booking.com/searchresults.en-gb.html?aid=304142&sb=1&ac_langcode=en&dest_id=59&dest_type=country
60,Dominican Republic,2650,https://www.booking.com/searchresults.en-gb.html?aid=304142&sb=1&ac_langcode=en&dest_id=60&dest_type=country
61,East Timor,14,https://www.booking.com/searchresults.en-gb.html?aid=304142&sb=1&ac_langcode=en&dest_id=61&dest_type=country
62,Ecuador,2332,https://www.booking.com/searchresults.en-gb.html?aid=304142&sb=1&ac_langcode=en&dest_id=62&dest_type=country
63,Egypt,3582,https://www.booking.com/searchresults.en-gb.html?aid=304142&sb=1&ac_langcode=en&dest_id=63&dest_type=country
64,El Salvador,253,https://www.booking.com/searchresults.en-gb.html?aid=304142&sb=1&ac_langcode=en&dest_id=64&dest_type=country
65,Equatorial Guinea,8,https://www.booking.com/searchresults.en-gb.html?aid=304142&sb=1&ac_langcode=en&dest_id=65&dest_type=country
66,Eritrea,2,https://www.booking.com/searchresults.en-gb.html?aid=304142&sb=1&ac_langcode=en&dest_id=66&dest_type=country
67,Estonia,2604,https://www.booking.com/searchresults.en-gb.html?aid=304142&sb=1&ac_langcode=en&dest_id=67&dest_type=country
68,Ethiopia,184,https://www.booking.com/searchresults.en-gb.html?aid=304142&sb=1&ac_langcode=en&dest_id=68&dest_type=country
69,Falkland Islands (Malvinas),2,https://www.booking.com/searchresults.en-gb.html?aid=304142&sb=1&ac_langcode=en&dest_id=69&dest_type=country
70,Faroe Islands,106,https://www.booking.com/searchresults.en-gb.html?aid=304142&sb=1&ac_langcode=en&dest_id=70&dest_type=country
71,Fiji,148,https://www.booking.com/searchresults.en-gb.html?aid=304142&sb=1&ac_langcode=en&dest_id=71&dest_type=country
72,Finland,6584,https://www.booking.com/searchresults.en-gb.html?aid=304142&sb=1&ac_langcode=en&dest_id=72&dest_type=country
73,France,135736,https://www.booking.com/searchresults.en-gb.html?aid=304142&sb=1&ac_langcode=en&dest_id=73&dest_type=country
74,French Guiana,106,https://www.booking.com/searchresults.en-gb.html?aid=304142&sb=1&ac_langcode=en&dest_id=74&dest_type=country
75,French Polynesia,444,https://www.booking.com/searchresults.en-gb.html?aid=304142&sb=1&ac_langcode=en&dest_id=75&dest_type=country
77,Gabon,22,https://www.booking.com/searchresults.en-gb.html?aid=304142&sb=1&ac_langcode=en&dest_id=77&dest_type=country
78,Gambia,130,https://www.booking.com/searchresults.en-gb.html?aid=304142&sb=1&ac_langcode=en&dest_id=78&dest_type=country
79,Georgia,7700,https://www.booking.com/searchresults.en-gb.html?aid=304142&sb=1&ac_langcode=en&dest_id=79&dest_type=country
80,Germany,101079,https://www.booking.com/searchresults.en-gb.html?aid=304142&sb=1&ac_langcode=en&dest_id=80&dest_type=country
81,Ghana,553,https://www.booking.com/searchresults.en-gb.html?aid=304142&sb=1&ac_langcode=en&dest_id=81&dest_type=country
82,Gibraltar,26,https://www.booking.com/searchresults.en-gb.html?aid=304142&sb=1&ac_langcode=en&dest_id=82&dest_type=country
83,Greece,51762,https://www.booking.com/searchresults.en-gb.html?aid=304142&sb=1&ac_langcode=en&dest_id=83&dest_type=country
84,Greenland,34,https://www.booking.com/searchresults.en-gb.html?aid=304142&sb=1&ac_langcode=en&dest_id=84&dest_type=country
85,Grenada,59,https://www.booking.com/searchresults.en-gb.html?aid=304142&sb=1&ac_langcode=en&dest_id=85&dest_type=country
86,Guadeloupe,2491,https://www.booking.com/searchresults.en-gb.html?aid=304142&sb=1&ac_langcode=en&dest_id=86&dest_type=country
87,Guam,38,https://www.booking.com/searchresults.en-gb.html?aid=304142&sb=1&ac_langcode=en&dest_id=87&dest_type=country
88,Guatemala,737,https://www.booking.com/searchresults.en-gb.html?aid=304142&sb=1&ac_langcode=en&dest_id=88&dest_type=country
89,Guinea,20,https://www.booking.com/searchresults.en-gb.html?aid=304142&sb=1&ac_langcode=en&dest_id=89&dest_type=country
90,Guinea-Bissau,9,https://www.booking.com/searchresults.en-gb.html?aid=304142&sb=1&ac_langcode=en&dest_id=90&dest_type=country
91,Guyana,22,https://www.booking.com/searchresults.en-gb.html?aid=304142&sb=1&ac_langcode=en&dest_id=91&dest_type=country
92,Haiti,70,https://www.booking.com/searchresults.en-gb.html?aid=304142&sb=1&ac_langcode=en&dest_id=92&dest_type=country
94,Honduras,392,https://www.booking.com/searchresults.en-gb.html?aid=304142&sb=1&ac_langcode=en&dest_id=94&dest_type=country
95,Hong Kong,577,https://www.booking.com/searchresults.en-gb.html?aid=304142&sb=1&ac_langcode=en&dest_id=95&dest_type=country
96,Hungary,11962,https://www.booking.com/searchresults.en-gb.html?aid=304142&sb=1&ac_langcode=en&dest_id=96&dest_type=country
97,Iceland,1245,https://www.booking.com/searchresults.en-gb.html?aid=304142&sb=1&ac_langcode=en&dest_id=97&dest_type=country
98,India,37222,https://www.booking.com/searchresults.en-gb.html?aid=304142&sb=1&ac_langcode=en&dest_id=98&dest_type=country
99,Indonesia,21831,https://www.booking.com/searchresults.en-gb.html?aid=304142&sb=1&ac_langcode=en&dest_id=99&dest_type=country
100,Iran,0,https://www.booking.com/searchresults.en-gb.html?aid=304142&sb=1&ac_langcode=en&dest_id=100&dest_type=country
101,Iraq,79,https://www.booking.com/searchresults.en-gb.html?aid=304142&sb=1&ac_langcode=en&dest_id=101&dest_type=country
102,Ireland,4631,https://www.booking.com/searchresults.en-gb.html?aid=304142&sb=1&ac_langcode=en&dest_id=102&dest_type=country
103,Israel,4047,https://www.booking.com/searchresults.en-gb.html?aid=304142&sb=1&ac_langcode=en&dest_id=103&dest_type=country
104,Italy,182174,https://www.booking.com/searchresults.en-gb.html?aid=304142&sb=1&ac_langcode=en&dest_id=104&dest_type=country
105,Jamaica,1021,https://www.booking.com/searchresults.en-gb.html?aid=304142&sb=1&ac_langcode=en&dest_id=105&dest_type=country
106,Japan,26196,https://www.booking.com/searchresults.en-gb.html?aid=304142&sb=1&ac_langcode=en&dest_id=106&dest_type=country
107,Jordan,697,https://www.booking.com/searchresults.en-gb.html?aid=304142&sb=1&ac_langcode=en&dest_id=107&dest_type=country
108,Kazakhstan,2254,https://www.booking.com/searchresults.en-gb.html?aid=304142&sb=1&ac_langcode=en&dest_id=108&dest_type=country
109,Kenya,2616,https://www.booking.com/searchresults.en-gb.html?aid=304142&sb=1&ac_langcode=en&dest_id=109&dest_type=country
110,Kiribati,0,https://www.booking.com/searchresults.en-gb.html?aid=304142&sb=1&ac_langcode=en&dest_id=110&dest_type=country
111,North Korea,0,https://www.booking.com/searchresults.en-gb.html?aid=304142&sb=1&ac_langcode=en&dest_id=111&dest_type=country
112,South Korea,3252,https://www.booking.com/searchresults.en-gb.html?aid=304142&sb=1&ac_langcode=en&dest_id=112&dest_type=country
113,Kuwait,111,https://www.booking.com/searchresults.en-gb.html?aid=304142&sb=1&ac_langcode=en&dest_id=113&dest_type=country
114,Kyrgyzstan,537,https://www.booking.com/searchresults.en-gb.html?aid=304142&sb=1&ac_langcode=en&dest_id=114&dest_type=country
115,Laos,278,https://www.booking.com/searchresults.en-gb.html?aid=304142&sb=1&ac_langcode=en&dest_id=115&dest_type=country
116,Latvia,2722,https://www.booking.com/searchresults.en-gb.html?aid=304142&sb=1&ac_langcode=en&dest_id=116&dest_type=country
117,Lebanon,205,https://www.booking.com/searchresults.en-gb.html?aid=304142&sb=1&ac_langcode=en&dest_id=117&dest_type=country
118,Lesotho,41,https://www.booking.com/searchresults.en-gb.html?aid=304142&sb=1&ac_langcode=en&dest_id=118&dest_type=country
119,Liberia,11,https://www.booking.com/searchresults.en-gb.html?aid=304142&sb=1&ac_langcode=en&dest_id=119&dest_type=country
120,Libya,1,https://www.booking.com/searchresults.en-gb.html?aid=304142&sb=1&ac_langcode=en&dest_id=120&dest_type=country
121,Liechtenstein,39,https://www.booking.com/searchresults.en-gb.html?aid=304142&sb=1&ac_langcode=en&dest_id=121&dest_type=country
122,Lithuania,3939,https://www.booking.com/searchresults.en-gb.html?aid=304142&sb=1&ac_langcode=en&dest_id=122&dest_type=country
123,Luxembourg,415,https://www.booking.com/searchresults.en-gb.html?aid=304142&sb=1&ac_langcode=en&dest_id=123&dest_type=country
124,Macao,68,https://www.booking.com/searchresults.en-gb.html?aid=304142&sb=1&ac_langcode=en&dest_id=124&dest_type=country
125,North Macedonia,1367,https://www.booking.com/searchresults.en-gb.html?aid=304142&sb=1&ac_langcode=en&dest_id=125&dest_type=country
126,Madagascar,360,https://www.booking.com/searchresults.en-gb.html?aid=304142&sb=1&ac_langcode=en&dest_id=126&dest_type=country
127,Malawi,76,https://www.booking.com/searchresults.en-gb.html?aid=304142&sb=1&ac_langcode=en&dest_id=127&dest_type=country
128,Malaysia,12177,https://www.booking.com/searchresults.en-gb.html?aid=304142&sb=1&ac_langcode=en&dest_id=128&dest_type=country
129,Maldives,519,https://www.booking.com/searchresults.en-gb.html?aid=304142&sb=1&ac_langcode=en&dest_id=129&dest_type=country
130,Mali,41,https://www.booking.com/searchresults.en-gb.html?aid=304142&sb=1&ac_langcode=en&dest_id=130&dest_type=country
131,Malta,1605,https://www.booking.com/searchresults.en-gb.html?aid=304142&sb=1&ac_langcode=en&dest_id=131&dest_type=country
132,Marshall Islands,0,https://www.booking.com/searchresults.en-gb.html?aid=304142&sb=1&ac_langcode=en&dest_id=132&dest_type=country
133,Martinique,1286,https://www.booking.com/searchresults.en-gb.html?aid=304142&sb=1&ac_langcode=en&dest_id=133&dest_type=country
134,Mauritania,28,https://www.booking.com/searchresults.en-gb.html?aid=304142&sb=1&ac_langcode=en&dest_id=134&dest_type=country
135,Mauritius,1211,https://www.booking.com/searchresults.en-gb.html?aid=304142&sb=1&ac_langcode=en&dest_id=135&dest_type=country
136,Mayotte,33,https://www.booking.com/searchresults.en-gb.html?aid=304142&sb=1&ac_langcode=en&dest_id=136&dest_type=country
137,Mexico,19043,https://www.booking.com/searchresults.en-gb.html?aid=304142&sb=1&ac_langcode=en&dest_id=137&dest_type=country
138,Micronesia,3,https://www.booking.com/searchresults.en-gb.html?aid=304142&sb=1&ac_langcode=en&dest_id=138&dest_type=country
139,Moldova,471,https://www.booking.com/searchresults.en-gb.html?aid=304142&sb=1&ac_langcode=en&dest_id=139&dest_type=country
140,Monaco,27,https://www.booking.com/searchresults.en-gb.html?aid=304142&sb=1&ac_langcode=en&dest_id=140&dest_type=country
141,Mongolia,56,https://www.booking.com/searchresults.en-gb.html?aid=304142&sb=1&ac_langcode=en&dest_id=141&dest_type=country
142,Montserrat,4,https://www.booking.com/searchresults.en-gb.html?aid=304142&sb=1&ac_langcode=en&dest_id=142&dest_type=country
143,Morocco,6614,https://www.booking.com/searchresults.en-gb.html?aid=304142&sb=1&ac_langcode=en&dest_id=143&dest_type=country
144,Mozambique,297,https://www.booking.com/searchresults.en-gb.html?aid=304142&sb=1&ac_langcode=en&dest_id=144&dest_type=country
145,Myanmar,625,https://www.booking.com/searchresults.en-gb.html?aid=304142&sb=1&ac_langcode=en&dest_id=145&dest_type=country
146,Namibia,714,https://www.booking.com/searchresults.en-gb.html?aid=304142&sb=1&ac_langcode=en&dest_id=146&dest_type=country
147,Nauru,0,https://www.booking.com/searchresults.en-gb.html?aid=304142&sb=1&ac_langcode=en&dest_id=147&dest_type=country
148,Nepal,1093,https://www.booking.com/searchresults.en-gb.html?aid=304142&sb=1&ac_langcode=en&dest_id=148&dest_type=country
149,Netherlands,16088,https://www.booking.com/searchresults.en-gb.html?aid=304142&sb=1&ac_langcode=en&dest_id=149&dest_type=country
151,New Caledonia,66,https://www.booking.com/searchresults.en-gb.html?aid=304142&sb=1&ac_langcode=en&dest_id=151&dest_type=country
152,New Zealand,9253,https://www.booking.com/searchresults.en-gb.html?aid=304142&sb=1&ac_langcode=en&dest_id=152&dest_type=country
153,Nicaragua,518,https://www.booking.com/searchresults.en-gb.html?aid=304142&sb=1&ac_langcode=en&dest_id=153&dest_type=country
154,Niger,4,https://www.booking.com/searchresults.en-gb.html?aid=304142&sb=1&ac_langcode=en&dest_id=154&dest_type=country
155,Nigeria,1532,https://www.booking.com/searchresults.en-gb.html?aid=304142&sb=1&ac_langcode=en&dest_id=155&dest_type=country
156,Niue,1,https://www.booking.com/searchresults.en-gb.html?aid=304142&sb=1&ac_langcode=en&dest_id=156&dest_type=country
157,Norfolk Island,40,https://www.booking.com/searchresults.en-gb.html?aid=304142&sb=1&ac_langcode=en&dest_id=157&dest_type=country
158,Northern Mariana Islands,27,https://www.booking.com/searchresults.en-gb.html?aid=304142&sb=1&ac_langcode=en&dest_id=158&dest_type=country
159,Norway,4101,https://www.booking.com/searchresults.en-gb.html?aid=304142&sb=1&ac_langcode=en&dest_id=159&dest_type=country
160,Oman,519,https://www.booking.com/searchresults.en-gb.html?aid=304142&sb=1&ac_langcode=en&dest_id=160&dest_type=country
161,Pakistan,1200,https://www.booking.com/searchresults.en-gb.html?aid=304142&sb=1&ac_langcode=en&dest_id=161&dest_type=country
162,Palau,19,https://www.booking.com/searchresults.en-gb.html?aid=304142&sb=1&ac_langcode=en&dest_id=162&dest_type=country
163,Palestinian Territory,72,https://www.booking.com/searchresults.en-gb.html?aid=304142&sb=1&ac_langcode=en&dest_id=163&dest_type=country
164,Panama,811,https://www.booking.com/searchresults.en-gb.html?aid=304142&sb=1&ac_langcode=en&dest_id=164&dest_type=country
165,Papua New Guinea,40,https://www.booking.com/searchresults.en-gb.html?aid=304142&sb=1&ac_langcode=en&dest_id=165&dest_type=country
166,Paraguay,226,https://www.booking.com/searchresults.en-gb.html?aid=304142&sb=1&ac_langcode=en&dest_id=166&dest_type=country
167,Peru,3145,https://www.booking.com/searchresults.en-gb.html?aid=304142&sb=1&ac_langcode=en&dest_id=167&dest_type=country
168,Philippines,6167,https://www.booking.com/searchresults.en-gb.html?aid=304142&sb=1&ac_langcode=en&dest_id=168&dest_type=country
170,Poland,43321,https://www.booking.com/searchresults.en-gb.html?aid=304142&sb=1&ac_langcode=en&dest_id=170&dest_type=country
171,Portugal,33942,https://www.booking.com/searchresults.en-gb.html?aid=304142&sb=1&ac_langcode=en&dest_id=171&dest_type=country
172,Puerto Rico,815,https://www.booking.com/searchresults.en-gb.html?aid=304142&sb=1&ac_langcode=en&dest_id=172&dest_type=country
173,Qatar,131,https://www.booking.com/searchresults.en-gb.html?aid=304142&sb=1&ac_langcode=en&dest_id=173&dest_type=country
174,Reunion,1328,https://www.booking.com/searchresults.en-gb.html?aid=304142&sb=1&ac_langcode=en&dest_id=174&dest_type=country
175,Romania,18541,https://www.booking.com/searchresults.en-gb.html?aid=304142&sb=1&ac_langcode=en&dest_id=175&dest_type=country
176,Russia,73383,https://www.booking.com/searchresults.en-gb.html?aid=304142&sb=1&ac_langcode=en&dest_id=176&dest_type=country
177,Rwanda,244,https://www.booking.com/searchresults.en-gb.html?aid=304142&sb=1&ac_langcode=en&dest_id=177&dest_type=country
178,St Helena,3,https://www.booking.com/searchresults.en-gb.html?aid=304142&sb=1&ac_langcode=en&dest_id=178&dest_type=country
179,Saint Kitts and Nevis,25,https://www.booking.com/searchresults.en-gb.html?aid=304142&sb=1&ac_langcode=en&dest_id=179&dest_type=country
180,Saint Lucia,186,https://www.booking.com/searchresults.en-gb.html?aid=304142&sb=1&ac_langcode=en&dest_id=180&dest_type=country
181,St Pierre and Miquelon,2,https://www.booking.com/searchresults.en-gb.html?aid=304142&sb=1&ac_langcode=en&dest_id=181&dest_type=country
182,Saint Vincent & Grenadines,47,https://www.booking.com/searchresults.en-gb.html?aid=304142&sb=1&ac_langcode=en&dest_id=182&dest_type=country
183,Samoa,30,https://www.booking.com/searchresults.en-gb.html?aid=304142&sb=1&ac_langcode=en&dest_id=183&dest_type=country
184,San Marino,42,https://www.booking.com/searchresults.en-gb.html?aid=304142&sb=1&ac_langcode=en&dest_id=184&dest_type=country
185,São Tomé and Príncipe,57,https://www.booking.com/searchresults.en-gb.html?aid=304142&sb=1&ac_langcode=en&dest_id=185&dest_type=country
186,Saudi Arabia,3445,https://www.booking.com/searchresults.en-gb.html?aid=304142&sb=1&ac_langcode=en&dest_id=186&dest_type=country
187,Senegal,703,https://www.booking.com/searchresults.en-gb.html?aid=304142&sb=1&ac_langcode=en&dest_id=187&dest_type=country
188,Seychelles,500,https://www.booking.com/searchresults.en-gb.html?aid=304142&sb=1&ac_langcode=en&dest_id=188&dest_type=country
189,Sierra Leone,39,https://www.booking.com/searchresults.en-gb.html?aid=304142&sb=1&ac_langcode=en&dest_id=189&dest_type=country
190,Singapore,513,https://www.booking.com/searchresults.en-gb.html?aid=304142&sb=1&ac_langcode=en&dest_id=190&dest_type=country
191,Slovakia,5368,https://www.booking.com/searchresults.en-gb.html?aid=304142&sb=1&ac_langcode=en&dest_id=191&dest_type=country
192,Slovenia,4912,https://www.booking.com/searchresults.en-gb.html?aid=304142&sb=1&ac_langcode=en&dest_id=192&dest_type=country
193,Solomon Islands,13,https://www.booking.com/searchresults.en-gb.html?aid=304142&sb=1&ac_langcode=en&dest_id=193&dest_type=country
194,Somalia,1,https://www.booking.com/searchresults.en-gb.html?aid=304142&sb=1&ac_langcode=en&dest_id=194&dest_type=country
195,South Africa,19235,https://www.booking.com/searchresults.en-gb.html?aid=304142&sb=1&ac_langcode=en&dest_id=195&dest_type=country
197,Spain,125352,https://www.booking.com/searchresults.en-gb.html?aid=304142&sb=1&ac_langcode=en&dest_id=197&dest_type=country
198,Sri Lanka,5290,https://www.booking.com/searchresults.en-gb.html?aid=304142&sb=1&ac_langcode=en&dest_id=198&dest_type=country
199,Sudan,0,https://www.booking.com/searchresults.en-gb.html?aid=304142&sb=1&ac_langcode=en&dest_id=199&dest_type=country
200,Suriname,74,https://www.booking.com/searchresults.en-gb.html?aid=304142&sb=1&ac_langcode=en&dest_id=200&dest_type=country
201,Svalbard & Jan Mayen,0,https://www.booking.com/searchresults.en-gb.html?aid=304142&sb=1&ac_langcode=en&dest_id=201&dest_type=country
202,Swaziland,52,https://www.booking.com/searchresults.en-gb.html?aid=304142&sb=1&ac_langcode=en&dest_id=202&dest_type=country
203,Sweden,5825,https://www.booking.com/searchresults.en-gb.html?aid=304142&sb=1&ac_langcode=en&dest_id=203&dest_type=country
204,Switzerland,13291,https://www.booking.com/searchresults.en-gb.html?aid=304142&sb=1&ac_langcode=en&dest_id=204&dest_type=country
205,Syria,0,https://www.booking.com/searchresults.en-gb.html?aid=304142&sb=1&ac_langcode=en&dest_id=205&dest_type=country
206,Taiwan,9397,https://www.booking.com/searchresults.en-gb.html?aid=304142&sb=1&ac_langcode=en&dest_id=206&dest_type=country
207,Tajikistan,66,https://www.booking.com/searchresults.en-gb.html?aid=304142&sb=1&ac_langcode=en&dest_id=207&dest_type=country
208,Tanzania,1281,https://www.booking.com/searchresults.en-gb.html?aid=304142&sb=1&ac_langcode=en&dest_id=208&dest_type=country
209,Thailand,19952,https://www.booking.com/searchresults.en-gb.html?aid=304142&sb=1&ac_langcode=en&dest_id=209&dest_type=country
210,Togo,104,https://www.booking.com/searchresults.en-gb.html?aid=304142&sb=1&ac_langcode=en&dest_id=210&dest_type=country
212,Tonga,13,https://www.booking.com/searchresults.en-gb.html?aid=304142&sb=1&ac_langcode=en&dest_id=212&dest_type=country
213,Trinidad and Tobago,122,https://www.booking.com/searchresults.en-gb.html?aid=304142&sb=1&ac_langcode=en&dest_id=213&dest_type=country
214,Tunisia,861,https://www.booking.com/searchresults.en-gb.html?aid=304142&sb=1&ac_langcode=en&dest_id=214&dest_type=country
215,Turkey,12960,https://www.booking.com/searchresults.en-gb.html?aid=304142&sb=1&ac_langcode=en&dest_id=215&dest_type=country
216,Turkmenistan,0,https://www.booking.com/searchresults.en-gb.html?aid=304142&sb=1&ac_langcode=en&dest_id=216&dest_type=country
217,Turks & Caicos Islands,105,https://www.booking.com/searchresults.en-gb.html?aid=304142&sb=1&ac_langcode=en&dest_id=217&dest_type=country
218,Tuvalu,0,https://www.booking.com/searchresults.en-gb.html?aid=304142&sb=1&ac_langcode=en&dest_id=218&dest_type=country
219,Uganda,841,https://www.booking.com/searchresults.en-gb.html?aid=304142&sb=1&ac_langcode=en&dest_id=219&dest_type=country
220,Ukraine,15182,https://www.booking.com/searchresults.en-gb.html?aid=304142&sb=1&ac_langcode=en&dest_id=220&dest_type=country
221,United Arab Emirates,3403,https://www.booking.com/searchresults.en-gb.html?aid=304142&sb=1&ac_langcode=en&dest_id=221&dest_type=country
222,United Kingdom,68495,https://www.booking.com/searchresults.en-gb.html?aid=304142&sb=1&ac_langcode=en&dest_id=222&dest_type=country
223,United States Minor Outlying Islands,0,https://www.booking.com/searchresults.en-gb.html?aid=304142&sb=1&ac_langcode=en&dest_id=223&dest_type=country
224,United States,142506,https://www.booking.com/searchresults.en-gb.html?aid=304142&sb=1&ac_langcode=en&dest_id=224&dest_type=country
225,Uruguay,2172,https://www.booking.com/searchresults.en-gb.html?aid=304142&sb=1&ac_langcode=en&dest_id=225&dest_type=country
226,Uzbekistan,775,https://www.booking.com/searchresults.en-gb.html?aid=304142&sb=1&ac_langcode=en&dest_id=226&dest_type=country
227,Vanuatu,76,https://www.booking.com/searchresults.en-gb.html?aid=304142&sb=1&ac_langcode=en&dest_id=227&dest_type=country
229,Venezuela,135,https://www.booking.com/searchresults.en-gb.html?aid=304142&sb=1&ac_langcode=en&dest_id=229&dest_type=country
230,Vietnam,14896,https://www.booking.com/searchresults.en-gb.html?aid=304142&sb=1&ac_langcode=en&dest_id=230&dest_type=country
231,UK Virgin Islands,14,https://www.booking.com/searchresults.en-gb.html?aid=304142&sb=1&ac_langcode=en&dest_id=231&dest_type=country
232,US Virgin Islands,111,https://www.booking.com/searchresults.en-gb.html?aid=304142&sb=1&ac_langcode=en&dest_id=232&dest_type=country
233,Wallis and Futuna,0,https://www.booking.com/searchresults.en-gb.html?aid=304142&sb=1&ac_langcode=en&dest_id=233&dest_type=country
235,Yemen,1,https://www.booking.com/searchresults.en-gb.html?aid=304142&sb=1&ac_langcode=en&dest_id=235&dest_type=country
236,Zambia,204,https://www.booking.com/searchresults.en-gb.html?aid=304142&sb=1&ac_langcode=en&dest_id=236&dest_type=country
237,Zimbabwe,118,https://www.booking.com/searchresults.en-gb.html?aid=304142&sb=1&ac_langcode=en&dest_id=237&dest_type=country
238,Jersey,0,https://www.booking.com/searchresults.en-gb.html?aid=304142&sb=1&ac_langcode=en&dest_id=238&dest_type=country
239,Guernsey,0,https://www.booking.com/searchresults.en-gb.html?aid=304142&sb=1&ac_langcode=en&dest_id=239&dest_type=country
240,Isle of Man,1,https://www.booking.com/searchresults.en-gb.html?aid=304142&sb=1&ac_langcode=en&dest_id=240&dest_type=country
241,Serbia,8979,https://www.booking.com/searchresults.en-gb.html?aid=304142&sb=1&ac_langcode=en&dest_id=241&dest_type=country
242,Montenegro,6786,https://www.booking.com/searchresults.en-gb.html?aid=304142&sb=1&ac_langcode=en&dest_id=242&dest_type=country
243,Cuba,0,https://www.booking.com/searchresults.en-gb.html?aid=304142&sb=1&ac_langcode=en&dest_id=243&dest_type=country
244,Saint Martin,258,https://www.booking.com/searchresults.en-gb.html?aid=304142&sb=1&ac_langcode=en&dest_id=244&dest_type=country
245,Saint Barthelemy,96,https://www.booking.com/searchresults.en-gb.html?aid=304142&sb=1&ac_langcode=en&dest_id=245&dest_type=country
